store_id,datestamp,predicted_items_sold,product_id
store_1,2024-02-03,3277.658689779686,product_1
store_5,2024-02-20,4560.269674553604,product_3
store_2,2024-02-03,3425.5295864442287,product_1
store_4,2024-02-03,2823.5560432570064,product_1
store_1,2024-02-05,1810.999313138919,product_1
store_5,2024-02-12,1017.9514217315184,product_10
store_2,2024-02-05,2234.064852327225,product_1
store_4,2024-02-05,1919.9639797387806,product_1
store_1,2024-02-06,2371.438006154243,product_1
store_5,2024-02-16,2143.8472774280017,product_4
store_2,2024-02-06,2598.421281754114,product_1
store_4,2024-02-06,2364.86260494389,product_1
store_1,2024-02-07,2600.9884135942234,product_1
store_5,2024-02-09,2159.2025240890957,product_2
store_2,2024-02-07,2865.36503262086,product_1
store_4,2024-02-07,2486.727457614306,product_1
store_1,2024-02-09,3097.4757332248423,product_1
store_5,2024-02-08,3008.864427931009,product_1
store_2,2024-02-09,3440.866110009805,product_1
store_4,2024-02-09,2821.5901447383267,product_1
store_1,2024-02-10,3343.6075245339275,product_1
store_5,2024-02-24,2014.9551317195974,product_6
store_2,2024-02-10,3362.9167301176567,product_1
store_4,2024-02-10,2841.563627216163,product_1
store_1,2024-02-11,2979.975818743296,product_1
store_5,2024-02-16,2178.2249359258512,product_2
store_2,2024-02-11,3295.963941923009,product_1
store_4,2024-02-11,2758.3261121927058,product_1
store_1,2024-02-12,1901.919547563523,product_1
store_5,2024-02-14,1659.2053131524717,product_4
store_2,2024-02-12,2172.5784465927645,product_1
store_4,2024-02-12,1891.604643753454,product_1
store_1,2024-02-13,2477.3576002951154,product_1
store_5,2024-02-13,3920.5373135870677,product_3
store_2,2024-02-13,2539.932487202713,product_1
store_4,2024-02-13,2318.7988292427967,product_1
store_1,2024-02-14,2723.1381590812525,product_1
store_5,2024-02-07,1849.7048098045345,product_2
store_2,2024-02-14,2811.2839895882357,product_1
store_4,2024-02-14,2427.3571775453283,product_1
store_1,2024-02-15,2920.9919399962964,product_1
store_5,2024-02-05,2105.0164578024533,product_7
store_2,2024-02-15,3237.527701931608,product_1
store_4,2024-02-15,2640.6306488489827,product_1
store_1,2024-02-17,3517.34230717893,product_1
store_5,2024-02-25,3748.476906408419,product_8
store_2,2024-02-17,3328.8188317619165,product_1
store_4,2024-02-17,2771.945336503663,product_1
store_1,2024-02-18,3170.1303508334277,product_1
store_5,2024-02-28,3166.5199735212864,product_7
store_2,2024-02-18,3270.2097707174103,product_1
store_4,2024-02-18,2695.547819151076,product_1
store_1,2024-02-19,2107.1622593956354,product_1
store_5,2024-02-24,4369.710557492013,product_1
store_2,2024-02-19,2155.7313359063287,product_1
store_4,2024-02-19,1840.6035095682262,product_1
store_1,2024-02-20,2695.7790072928105,product_1
store_5,2024-02-22,1762.6688699888855,product_6
store_2,2024-02-20,2532.397410558734,product_1
store_4,2024-02-20,2284.1798031715084,product_1
store_1,2024-02-21,2952.2667300065195,product_1
store_5,2024-02-28,1691.9151447891263,product_10
store_2,2024-02-21,2813.314960797211,product_1
store_4,2024-02-21,2413.259811125045,product_1
store_1,2024-02-22,3157.8272306952126,product_1
store_5,2024-02-21,1380.671267696638,product_5
store_2,2024-02-22,3249.2358165684,product_1
store_4,2024-02-22,2650.6094883531273,product_1
store_1,2024-02-23,3495.0986378875364,product_1
store_5,2024-02-04,3853.3419481175083,product_3
store_2,2024-02-23,3420.5141925134676,product_1
store_4,2024-02-23,2787.180006478442,product_1
store_1,2024-02-24,3758.740605992338,product_1
store_5,2024-02-10,2161.999306897587,product_4
store_2,2024-02-24,3359.684140095146,product_1
store_4,2024-02-24,2837.906147767225,product_1
store_1,2024-02-25,3407.6407437630464,product_1
store_5,2024-02-01,1723.9461475862136,product_4
store_2,2024-02-25,3310.310028375324,product_1
store_4,2024-02-25,2791.8114967264455,product_1
store_1,2024-02-26,2336.3237659917672,product_1
store_5,2024-02-11,4157.25646711714,product_3
store_2,2024-02-26,2204.6865467791254,product_1
store_4,2024-02-26,1967.5641052781682,product_1
store_1,2024-02-27,2911.998024824607,product_1
store_5,2024-02-13,1256.7147991674321,product_5
store_2,2024-02-27,2589.722899468751,product_1
store_4,2024-02-27,2441.348079480521,product_1
store_1,2024-02-28,3150.930161412194,product_1
store_5,2024-02-03,2148.6824714230156,product_2
store_2,2024-02-28,2878.427429849927,product_1
store_4,2024-02-28,2599.274350027406,product_1
store_1,2024-02-01,1430.206838978493,product_10
store_5,2024-02-16,1855.2738152637542,product_6
store_2,2024-02-01,1649.6692270492977,product_10
store_4,2024-02-01,1414.5899521896156,product_10
store_1,2024-02-02,1758.9787636813594,product_10
store_5,2024-02-28,1622.5786120969747,product_6
store_2,2024-02-02,1964.663086283492,product_10
store_4,2024-02-02,1431.491502617519,product_10
store_1,2024-02-03,1891.044344998431,product_10
store_5,2024-02-19,2654.737005114462,product_1
store_2,2024-02-03,1987.1667697259318,product_10
store_4,2024-02-03,1593.8246650042338,product_10
store_1,2024-02-05,1102.7629407895915,product_10
store_5,2024-02-24,4565.421811381571,product_8
store_2,2024-02-05,1272.5437185003093,product_10
store_4,2024-02-05,948.5566283663273,product_10
store_1,2024-02-06,1490.456198873775,product_10
store_5,2024-02-23,4053.6489693840053,product_8
store_2,2024-02-06,1680.0480554166563,product_10
store_4,2024-02-06,1246.2126726467002,product_10
store_1,2024-02-07,1489.3509401876029,product_10
store_5,2024-02-27,1215.8010951607105,product_9
store_2,2024-02-07,1715.8850872121257,product_10
store_4,2024-02-07,1237.8038156730277,product_10
store_1,2024-02-08,1623.4317587078122,product_10
store_5,2024-02-26,2304.3747188060565,product_7
store_2,2024-02-08,1806.946064430037,product_10
store_4,2024-02-08,1494.7388250848182,product_10
store_1,2024-02-09,1955.2384933352507,product_10
store_5,2024-02-16,3683.681565503339,product_1
store_2,2024-02-09,2109.6853237120904,product_10
store_4,2024-02-09,1518.2195658514242,product_10
store_1,2024-02-10,2086.7865519576285,product_10
store_5,2024-02-13,2700.2326470294483,product_7
store_2,2024-02-10,2118.499778284166,product_10
store_4,2024-02-10,1686.7126026466349,product_10
store_1,2024-02-11,1852.0081661624608,product_10
store_5,2024-02-04,1679.5558008744665,product_10
store_2,2024-02-11,1980.0642373832206,product_10
store_4,2024-02-11,1548.7829059529872,product_10
store_1,2024-02-12,1287.1268940555562,product_10
store_5,2024-02-18,1795.8382182012438,product_6
store_2,2024-02-12,1373.5357354662087,product_10
store_4,2024-02-12,1052.0578436338153,product_10
store_1,2024-02-13,1664.3460640035923,product_10
store_5,2024-02-20,1215.7269646459274,product_10
store_2,2024-02-13,1765.0952227541952,product_10
store_4,2024-02-13,1353.9696283825,product_10
store_1,2024-02-14,1649.974091249439,product_10
store_5,2024-02-09,1826.9561384801823,product_6
store_2,2024-02-14,1784.9476492922122,product_10
store_4,2024-02-14,1349.0064925220327,product_10
store_1,2024-02-15,1768.3839027982303,product_10
store_5,2024-02-08,2018.2103692403393,product_2
store_2,2024-02-15,1860.3314483073366,product_10
store_4,2024-02-15,1608.5147596850813,product_10
store_1,2024-02-16,2082.56156915018,product_10
store_5,2024-02-19,1015.2241394809241,product_5
store_2,2024-02-16,2148.0292551495045,product_10
store_4,2024-02-16,1633.6512523445515,product_10
store_1,2024-02-17,2195.0127667798943,product_10
store_5,2024-02-24,2204.0943102733454,product_2
store_2,2024-02-17,2142.739209115257,product_10
store_4,2024-02-17,1802.8557736412745,product_10
store_1,2024-02-18,1940.1890278802266,product_10
store_5,2024-02-06,1325.8266983401656,product_5
store_2,2024-02-18,1991.4029918909325,product_10
store_4,2024-02-18,1664.685197230414,product_10
store_1,2024-02-19,1354.8465532807666,product_10
store_5,2024-02-12,2984.8920014670693,product_3
store_2,2024-02-19,1373.4039742514792,product_10
store_4,2024-02-19,1166.7773352470583,product_10
store_1,2024-02-20,1711.718757490478,product_10
store_5,2024-02-26,1522.5873428136615,product_4
store_2,2024-02-20,1755.1039797988433,product_10
store_4,2024-02-20,1466.5927584232493,product_10
store_1,2024-02-21,1677.62595721082,product_10
store_5,2024-02-28,5008.477738586559,product_3
store_2,2024-02-21,1766.8398172976526,product_10
store_4,2024-02-21,1458.664858584336,product_10
store_1,2024-02-22,1777.4199070110922,product_10
store_5,2024-02-27,4920.412034520799,product_3
store_2,2024-02-22,1835.9306658244543,product_10
store_4,2024-02-22,1714.4003565743683,product_10
store_1,2024-02-23,2074.518724005259,product_10
store_5,2024-02-15,1922.615847960798,product_4
store_2,2024-02-23,2119.18818472531,product_10
store_4,2024-02-23,1735.0297419215628,product_10
store_1,2024-02-24,2171.80123029671,product_10
store_5,2024-02-07,3605.233056806261,product_3
store_2,2024-02-24,2111.288687827635,product_10
store_4,2024-02-24,1899.0774424333545,product_10
store_1,2024-02-25,1904.023024362471,product_10
store_5,2024-02-05,1131.092202224115,product_5
store_2,2024-02-25,1959.1034851132897,product_10
store_4,2024-02-25,1755.193327961951,product_10
store_1,2024-02-26,1308.1673510734336,product_10
store_5,2024-02-08,1563.3330397974753,product_5
store_2,2024-02-26,1341.9006719293084,product_10
store_4,2024-02-26,1251.113797523237,product_10
store_1,2024-02-27,1657.1121638045586,product_10
store_5,2024-02-19,1444.3259388472975,product_2
store_2,2024-02-27,1725.8867452084717,product_10
store_4,2024-02-27,1544.4007091932606,product_10
store_1,2024-02-28,1617.7369384767783,product_10
store_5,2024-02-23,1758.1369474180792,product_10
store_2,2024-02-28,1741.2090351010156,product_10
store_4,2024-02-28,1529.6885320175616,product_10
store_1,2024-02-01,1784.984704884294,product_2
store_5,2024-02-08,1730.1549616055986,product_6
store_2,2024-02-01,1691.2704078045044,product_2
store_4,2024-02-01,1719.3217675734024,product_2
store_1,2024-02-02,2061.808459185908,product_2
store_5,2024-02-11,1785.4313902626388,product_6
store_2,2024-02-02,1896.421927996875,product_2
store_4,2024-02-02,1874.0995755241506,product_2
store_1,2024-02-03,2151.8573963061785,product_2
store_5,2024-02-15,1442.1227531277561,product_10
store_2,2024-02-03,2173.329012903496,product_2
store_4,2024-02-03,2064.1733298344657,product_2
store_1,2024-02-04,1786.2061063740146,product_2
store_5,2024-02-08,3008.7127036777238,product_7
store_2,2024-02-04,1816.8249101695626,product_2
store_4,2024-02-04,1754.0168129037127,product_2
store_1,2024-02-05,1176.1219947098984,product_2
store_5,2024-02-27,3136.4385547533343,product_1
store_2,2024-02-05,1156.911481711939,product_2
store_4,2024-02-05,1108.110622290555,product_2
store_1,2024-02-06,1557.2237123603425,product_2
store_5,2024-02-17,4151.986374300819,product_1
store_2,2024-02-06,1590.1059251466895,product_2
store_4,2024-02-06,1360.778995334895,product_2
store_1,2024-02-07,1717.5790470014776,product_2
store_5,2024-02-23,3506.4747235585046,product_7
store_2,2024-02-07,1728.4508297288908,product_2
store_4,2024-02-07,1432.103282269309,product_2
store_1,2024-02-09,2111.9277190111716,product_2
store_5,2024-02-16,3765.112989201767,product_8
store_2,2024-02-09,1948.8605397602876,product_2
store_4,2024-02-09,1829.749692433089,product_2
store_1,2024-02-10,2209.2498078575873,product_2
store_5,2024-02-13,1313.7448064607504,product_9
store_2,2024-02-10,2235.4903744726735,product_2
store_4,2024-02-10,2026.5327799931663,product_2
store_1,2024-02-11,1849.6502076979743,product_2
store_5,2024-02-04,1483.9999566482284,product_9
store_2,2024-02-11,1888.3020412616936,product_2
store_4,2024-02-11,1726.014708153112,product_2
store_1,2024-02-12,1244.2829263734125,product_2
store_5,2024-02-19,2548.1989295811995,product_8
store_2,2024-02-12,1237.108561013711,product_2
store_4,2024-02-12,1092.3847583338807,product_2
store_1,2024-02-13,1628.6980298070976,product_2
store_5,2024-02-20,1253.1349711384541,product_9
store_2,2024-02-13,1678.2568982324992,product_2
store_4,2024-02-13,1359.592851224488,product_2
store_1,2024-02-14,1790.9406078081126,product_2
store_5,2024-02-09,3445.2374378725067,product_8
store_2,2024-02-14,1823.6419131919065,product_2
store_4,2024-02-14,1447.2732918101626,product_2
store_1,2024-02-15,1900.6107326096014,product_2
store_5,2024-02-04,3149.0180933996726,product_1
store_2,2024-02-15,1834.9777353438249,product_2
store_4,2024-02-15,1704.227524641408,product_2
store_1,2024-02-16,2184.92100284596,product_2
store_5,2024-02-22,3179.9343917148117,product_7
store_2,2024-02-16,2054.9309004506463,product_2
store_4,2024-02-16,1881.0063231819051,product_2
store_1,2024-02-17,2280.162534510244,product_2
store_5,2024-02-12,2384.1227015938225,product_1
store_2,2024-02-17,2345.2425886873607,product_2
store_4,2024-02-17,2096.383562427238,product_2
store_1,2024-02-18,1917.3992109571132,product_2
store_5,2024-02-21,3259.198786104839,product_7
store_2,2024-02-18,2000.5103957503725,product_2
store_4,2024-02-18,1814.0361559441444,product_2
store_1,2024-02-19,1307.9620672138706,product_2
store_5,2024-02-20,2976.7825139721413,product_1
store_2,2024-02-19,1350.545799171259,product_2
store_4,2024-02-19,1197.5613221320777,product_2
store_1,2024-02-20,1687.6040928578207,product_2
store_5,2024-02-11,3010.159274418172,product_7
store_2,2024-02-20,1791.7246178332532,product_2
store_4,2024-02-20,1480.3386423479358,product_2
store_1,2024-02-21,1844.5924402110809,product_2
store_5,2024-02-28,3423.4585700374305,product_1
store_2,2024-02-21,1935.9994725609333,product_2
store_4,2024-02-21,1581.4708132250107,product_2
store_1,2024-02-22,1948.7610995241866,product_2
store_5,2024-02-06,2537.4636218323094,product_7
store_2,2024-02-22,1945.1689326913418,product_2
store_4,2024-02-22,1849.2824603607642,product_2
store_1,2024-02-23,2227.560848054749,product_2
store_5,2024-02-08,1515.3002765641693,product_10
store_2,2024-02-23,2162.0077624211463,product_2
store_4,2024-02-23,2033.9169680484172,product_2
store_1,2024-02-24,2317.5175569535677,product_2
store_5,2024-02-10,2000.097132426346,product_6
store_2,2024-02-24,2448.3856924155457,product_2
store_4,2024-02-24,2253.8230426967984,product_2
store_1,2024-02-25,1949.9188925135084,product_2
store_5,2024-02-16,1638.503372927135,product_10
store_2,2024-02-25,2099.0452514791637,product_2
store_4,2024-02-25,1972.4452098744946,product_2
store_1,2024-02-26,1336.3015070818417,product_2
store_5,2024-02-17,2018.817374809194,product_6
store_2,2024-02-26,1443.9549345205996,product_2
store_4,2024-02-26,1353.2490898912688,product_2
store_1,2024-02-27,1712.5992134824785,product_2
store_5,2024-02-24,1857.7598947557517,product_10
store_2,2024-02-27,1879.6551270318569,product_2
store_4,2024-02-27,1629.5886656051239,product_2
store_1,2024-02-28,1867.2293226693675,product_2
store_5,2024-02-07,1556.384271954907,product_6
store_2,2024-02-28,2018.26592061068,product_2
store_4,2024-02-28,1720.6492740023887,product_2
store_1,2024-02-01,5015.491130125416,product_3
store_5,2024-02-04,1874.3586090363483,product_2
store_2,2024-02-01,3906.6388013808955,product_3
store_4,2024-02-01,3498.9473950309552,product_3
store_1,2024-02-02,4739.711964693498,product_3
store_5,2024-02-02,1718.9032044540709,product_6
store_2,2024-02-02,4718.988960738653,product_3
store_4,2024-02-02,3586.8602632337306,product_3
store_1,2024-02-03,5285.765217571928,product_3
store_5,2024-02-12,1436.3232591970323,product_2
store_2,2024-02-03,4708.582576248082,product_3
store_4,2024-02-03,3953.7209896446607,product_3
store_1,2024-02-04,4754.739279796152,product_3
store_5,2024-02-15,1491.9322108618421,product_5
store_2,2024-02-04,4232.878227885272,product_3
store_4,2024-02-04,3581.56196838351,product_3
store_1,2024-02-05,3361.034850151814,product_3
store_5,2024-02-20,1524.6433400857964,product_2
store_2,2024-02-05,2869.8684273028152,product_3
store_4,2024-02-05,2175.7626180679526,product_3
store_1,2024-02-06,3952.2390566001177,product_3
store_5,2024-02-14,1411.0096646428087,product_5
store_2,2024-02-06,3554.2097999176544,product_3
store_4,2024-02-06,2753.64623914596,product_3
store_1,2024-02-07,4380.364979239013,product_3
store_5,2024-02-28,1883.2169296598363,product_2
store_2,2024-02-07,4035.2427752404546,product_3
store_4,2024-02-07,2954.453854445036,product_3
store_1,2024-02-08,4878.947638648296,product_3
store_5,2024-02-04,1678.235721306835,product_5
store_2,2024-02-08,4045.1518134648195,product_3
store_4,2024-02-08,3406.45426361595,product_3
store_1,2024-02-09,4572.275175747673,product_3
store_5,2024-02-08,4155.567801102606,product_3
store_2,2024-02-09,4855.846484813409,product_3
store_4,2024-02-09,3509.890838738437,product_3
store_1,2024-02-10,5091.168606099945,product_3
store_5,2024-02-27,1769.3395000636744,product_4
store_2,2024-02-10,4842.931510925562,product_3
store_4,2024-02-10,3896.1393406573548,product_3
store_1,2024-02-11,4537.3721297736565,product_3
store_5,2024-02-16,5163.597459814258,product_3
store_2,2024-02-11,4363.703801645216,product_3
store_4,2024-02-11,3546.7515885909056,product_3
store_1,2024-02-12,3125.8707132521968,product_3
store_5,2024-02-01,1612.5371705881669,product_6
store_2,2024-02-12,2996.008979314993,product_3
store_4,2024-02-12,2166.515065877743,product_3
store_1,2024-02-13,3704.747584068109,product_3
store_5,2024-02-24,5811.861683058786,product_3
store_2,2024-02-13,3674.379900157546,product_3
store_4,2024-02-13,2772.0637682037946,product_3
store_1,2024-02-14,4126.408838339535,product_3
store_5,2024-02-09,2005.2883067090243,product_4
store_2,2024-02-14,4148.06438739187,product_3
store_4,2024-02-14,3001.8690972765426,product_3
store_1,2024-02-15,4624.666652213102,product_3
store_5,2024-02-04,1773.0477164468882,product_4
store_2,2024-02-15,4149.192870085429,product_3
store_4,2024-02-15,3483.36959455095,product_3
store_1,2024-02-16,4323.960202204361,product_3
store_5,2024-02-23,5739.079317656294,product_3
store_2,2024-02-16,4949.665922085473,product_3
store_4,2024-02-16,3615.9395263944934,product_3
store_1,2024-02-17,4855.127997002114,product_3
store_5,2024-02-12,1364.5484284802687,product_4
store_2,2024-02-17,4925.129512083786,product_3
store_4,2024-02-17,4030.0700183663735,product_3
store_1,2024-02-18,4319.793853106191,product_3
store_5,2024-02-08,1785.5578680143517,product_4
store_2,2024-02-18,4432.9757349596375,product_3
store_4,2024-02-18,3706.436939148389,product_3
store_1,2024-02-19,2932.683405963061,product_3
store_5,2024-02-19,3624.0840692772836,product_3
store_2,2024-02-19,3051.2012986370137,product_3
store_4,2024-02-19,2348.9849521671595,product_3
store_1,2024-02-20,3541.4838910229205,product_3
store_5,2024-02-27,1525.9033414529351,product_2
store_2,2024-02-20,3714.546112445873,product_3
store_4,2024-02-20,2973.562362220734,product_3
store_1,2024-02-21,3998.07440354612,product_3
store_5,2024-02-02,1659.4773510162108,product_5
store_2,2024-02-21,4172.519089507673,product_3
store_4,2024-02-21,3217.93488562366,product_3
store_1,2024-02-22,4535.618050595903,product_3
store_5,2024-02-20,1754.158838795796,product_4
store_2,2024-02-22,4157.5618215599725,product_3
store_4,2024-02-22,3708.936487661786,product_3
store_1,2024-02-23,4277.79493758282,product_3
store_5,2024-02-03,4433.914958850313,product_3
store_2,2024-02-23,4941.930155004779,product_3
store_4,2024-02-23,3845.4566900927175,product_3
store_1,2024-02-24,4854.589447223521,product_3
store_5,2024-02-16,1548.7421276711955,product_5
store_2,2024-02-24,4901.661583869924,product_3
store_4,2024-02-24,4257.637496944841,product_3
store_1,2024-02-25,4366.693722413745,product_3
store_5,2024-02-23,2177.0161737232324,product_2
store_2,2024-02-25,4394.566403725198,product_3
store_4,2024-02-25,3925.953665179846,product_3
store_1,2024-02-26,3027.843854785941,product_3
store_5,2024-02-17,2205.9879835629995,product_2
store_2,2024-02-26,2999.0751394498916,product_3
store_4,2024-02-26,2554.3053531399987,product_3
store_1,2024-02-27,3684.7010641868105,product_3
store_5,2024-02-19,1491.3731242389617,product_4
store_2,2024-02-27,3650.364890596361,product_3
store_4,2024-02-27,3158.6574895999574,product_3
store_1,2024-02-28,4188.104580066548,product_3
store_5,2024-02-07,1485.0988437601832,product_10
store_2,2024-02-28,4098.372054816127,product_3
store_4,2024-02-28,3377.053816344472,product_3
store_1,2024-02-01,1877.4923904583452,product_4
store_5,2024-02-05,1186.0004596718616,product_6
store_2,2024-02-01,1691.2340034023687,product_4
store_4,2024-02-01,1365.94453395402,product_4
store_1,2024-02-02,1982.9944818342174,product_4
store_5,2024-02-23,1543.3728795928012,product_5
store_2,2024-02-02,1826.9535193623888,product_4
store_4,2024-02-02,1477.231516510943,product_4
store_1,2024-02-03,2121.5884668819212,product_4
store_5,2024-02-27,1427.9875484452573,product_10
store_2,2024-02-03,1865.812923188308,product_4
store_4,2024-02-03,1691.7613539346157,product_4
store_1,2024-02-04,1805.6064288615457,product_4
store_5,2024-02-19,1263.804074909971,product_6
store_2,2024-02-04,1595.97202876643,product_4
store_4,2024-02-04,1475.102175931396,product_4
store_1,2024-02-05,1290.797308258165,product_4
store_5,2024-02-19,1030.3665562230415,product_10
store_2,2024-02-05,1066.7615862128666,product_4
store_4,2024-02-05,979.4154425747347,product_4
store_1,2024-02-06,1653.098381717539,product_4
store_5,2024-02-13,1177.1917500193701,product_10
store_2,2024-02-06,1448.5069979853472,product_4
store_4,2024-02-06,1277.646025432818,product_4
store_1,2024-02-07,1709.3832152344266,product_4
store_5,2024-02-18,2011.9150056487656,product_4
store_2,2024-02-07,1548.5763096113506,product_4
store_4,2024-02-07,1333.3512115114638,product_4
store_1,2024-02-08,2055.2748702161407,product_4
store_5,2024-02-16,3500.0044962145894,product_7
store_2,2024-02-08,1708.9594911117663,product_4
store_4,2024-02-08,1486.4054258985589,product_4
store_1,2024-02-09,2161.2327757473936,product_4
store_5,2024-02-03,1858.8063447897048,product_10
store_2,2024-02-09,1838.889582291407,product_4
store_4,2024-02-09,1592.7992612333433,product_4
store_1,2024-02-10,2297.7956276536174,product_4
store_5,2024-02-25,3835.412194235408,product_1
store_2,2024-02-10,1873.1519101995032,product_4
store_4,2024-02-10,1800.9914374379719,product_4
store_1,2024-02-11,1977.2851408754395,product_4
store_5,2024-02-27,1469.8484811919539,product_6
store_2,2024-02-11,1600.063581965499,product_4
store_4,2024-02-11,1576.6670714225586,product_4
store_1,2024-02-12,1455.4999675825354,product_4
store_5,2024-02-13,2711.2921193868415,product_1
store_2,2024-02-12,1069.06767638475,product_4
store_4,2024-02-12,1072.1306274400868,product_4
store_1,2024-02-13,1808.486127048645,product_4
store_5,2024-02-15,3152.676030266944,product_7
store_2,2024-02-13,1450.5537467674992,product_4
store_4,2024-02-13,1360.4924707714522,product_4
store_1,2024-02-14,1853.2823878325562,product_4
store_5,2024-02-27,2692.4866885895617,product_7
store_2,2024-02-14,1551.904088266021,product_4
store_4,2024-02-14,1405.4938243995844,product_4
store_1,2024-02-15,2185.7294505418663,product_4
store_5,2024-02-09,3415.2520548869675,product_1
store_2,2024-02-15,1715.072828806285,product_4
store_4,2024-02-15,1547.2070313000345,product_4
store_1,2024-02-17,2396.592299733004,product_4
store_5,2024-02-12,2214.2687076279294,product_8
store_2,2024-02-17,1888.9656384946359,product_4
store_4,2024-02-17,1838.032380497494,product_4
store_1,2024-02-18,2058.51182410859,product_4
store_5,2024-02-21,1347.2299156496504,product_9
store_2,2024-02-18,1622.489349798493,product_4
store_4,2024-02-18,1601.7105861685727,product_4
store_1,2024-02-19,1518.471285865002,product_4
store_5,2024-02-20,3370.14154616723,product_8
store_2,2024-02-19,1099.0140824868488,product_4
store_4,2024-02-19,1085.3741532108588,product_4
store_1,2024-02-20,1852.8947840894764,product_4
store_5,2024-02-11,1460.8693716955825,product_9
store_2,2024-02-20,1488.6910909814428,product_4
store_4,2024-02-20,1362.328498074045,product_4
store_1,2024-02-21,1879.2052570754677,product_4
store_5,2024-02-28,3941.542196234833,product_8
store_2,2024-02-21,1598.6420112731992,product_4
store_4,2024-02-21,1396.4953880585788,product_4
store_1,2024-02-22,2193.624165794386,product_4
store_5,2024-02-06,1352.3275582466845,product_9
store_2,2024-02-22,1770.545985808938,product_4
store_4,2024-02-22,1528.1093412900725,product_4
store_1,2024-02-23,2267.2436302296082,product_4
store_5,2024-02-03,1747.348927942195,product_9
store_2,2024-02-23,1913.2705713462983,product_4
store_4,2024-02-23,1613.5085889875822,product_4
store_1,2024-02-24,2371.2537659086956,product_4
store_5,2024-02-11,3170.906531074987,product_8
store_2,2024-02-24,1961.192328515186,product_4
store_4,2024-02-24,1801.4794319678322,product_4
store_1,2024-02-25,2018.6304540586361,product_4
store_5,2024-02-17,1675.57357781072,product_9
store_2,2024-02-25,1702.1889396308306,product_4
store_4,2024-02-25,1558.0075659795502,product_4
store_1,2024-02-26,1465.8132736909213,product_4
store_5,2024-02-15,1491.987387425764,product_9
store_2,2024-02-26,1185.246885264809,product_4
store_4,2024-02-26,1035.664922201246,product_4
store_1,2024-02-27,1789.4603555306087,product_4
store_5,2024-02-15,3604.2076072225827,product_8
store_2,2024-02-27,1580.2958754618437,product_4
store_4,2024-02-27,1307.7910973338285,product_4
store_1,2024-02-28,1807.1789988850235,product_4
store_5,2024-02-07,3174.5082336843125,product_8
store_2,2024-02-28,1694.2690610164582,product_4
store_4,2024-02-28,1338.314296328052,product_4
store_1,2024-02-01,1664.6770926847894,product_5
store_5,2024-02-02,3235.3050976240925,product_1
store_2,2024-02-01,1485.9945572207052,product_5
store_4,2024-02-01,1155.4006298258919,product_5
store_1,2024-02-02,1860.1455391570446,product_5
store_5,2024-02-06,2776.1427288748,product_8
store_2,2024-02-02,1702.5533199684985,product_5
store_4,2024-02-02,1352.4365812572885,product_5
store_1,2024-02-03,2073.8037815571097,product_5
store_5,2024-02-06,2469.4039564176637,product_1
store_2,2024-02-03,1844.3282359195232,product_5
store_4,2024-02-03,1428.8487508319317,product_5
store_1,2024-02-04,1792.5149044673021,product_5
store_5,2024-02-14,3211.662433638872,product_7
store_2,2024-02-04,1571.730778493864,product_5
store_4,2024-02-04,1229.6592165620445,product_5
store_1,2024-02-05,1259.8443552334834,product_5
store_5,2024-02-10,3879.9360297755743,product_1
store_2,2024-02-05,1094.584942151165,product_5
store_4,2024-02-05,736.4569318738967,product_5
store_1,2024-02-06,1618.289379420813,product_5
store_5,2024-02-25,3077.3116689596955,product_7
store_2,2024-02-06,1288.7540803255038,product_5
store_4,2024-02-06,1039.29891675409,product_5
store_1,2024-02-07,1768.0029871691038,product_5
store_5,2024-02-14,3028.1748328817444,product_1
store_2,2024-02-07,1374.915885926765,product_5
store_4,2024-02-07,1050.83198743221,product_5
store_1,2024-02-08,1819.401019161248,product_5
store_5,2024-02-19,2359.8524190656344,product_7
store_2,2024-02-08,1557.4230736238146,product_5
store_4,2024-02-08,1220.7005994215663,product_5
store_1,2024-02-09,2027.572557202258,product_5
store_5,2024-02-18,3635.4239555642953,product_1
store_2,2024-02-09,1771.7175675499716,product_5
store_4,2024-02-09,1417.9887761011628,product_5
store_1,2024-02-10,2251.7385260386036,product_5
store_5,2024-02-18,3112.577502811409,product_7
store_2,2024-02-10,1909.9536575001223,product_5
store_4,2024-02-10,1493.8838545160847,product_5
store_1,2024-02-11,1978.3574942645819,product_5
store_5,2024-02-22,3517.6602840070404,product_1
store_2,2024-02-11,1632.696181708699,product_5
store_4,2024-02-11,1293.4501119761583,product_5
store_1,2024-02-12,1450.6456347090068,product_5
store_5,2024-02-07,3057.3849899515453,product_7
store_2,2024-02-12,1149.9585798620549,product_5
store_4,2024-02-12,798.3435326801356,product_5
store_1,2024-02-13,1810.8174502266822,product_5
store_5,2024-02-26,2835.2507598300786,product_1
store_2,2024-02-13,1337.8234640866776,product_5
store_4,2024-02-13,1098.7104935702198,product_5
store_1,2024-02-14,1958.8194694829344,product_5
store_5,2024-02-10,3494.5866026530057,product_7
store_2,2024-02-14,1417.2104366885019,product_5
store_4,2024-02-14,1107.3062552975175,product_5
store_1,2024-02-15,2004.9451713788405,product_5
store_5,2024-02-02,1802.8039854393762,product_10
store_2,2024-02-15,1592.7289310428528,product_5
store_4,2024-02-15,1273.898939751351,product_5
store_1,2024-02-16,2204.251120010892,product_5
store_5,2024-02-04,2835.719893799902,product_7
store_2,2024-02-16,1800.0841163167588,product_5
store_4,2024-02-16,1467.7070926323108,product_5
store_1,2024-02-17,2416.018948986299,product_5
store_5,2024-02-06,1276.1568407985253,product_10
store_2,2024-02-17,1931.691578968755,product_5
store_4,2024-02-17,1540.0587047348617,product_5
store_1,2024-02-18,2126.8620573066733,product_5
store_5,2024-02-03,3316.8022403307473,product_7
store_2,2024-02-18,1648.3670944556698,product_5
store_4,2024-02-18,1336.159908753525,product_5
store_1,2024-02-19,1580.2438989466689,product_5
store_5,2024-02-10,1747.260657236839,product_10
store_2,2024-02-19,1160.3565860627257,product_5
store_4,2024-02-19,837.8047705188748,product_5
store_1,2024-02-20,1918.714464583603,product_5
store_5,2024-02-22,1473.7021522854861,product_5
store_2,2024-02-20,1343.949162369014,product_5
store_4,2024-02-20,1135.2691150763494,product_5
store_1,2024-02-21,2042.63722472627,product_5
store_5,2024-02-14,1397.361259981735,product_10
store_2,2024-02-21,1420.2381891821242,product_5
store_4,2024-02-21,1141.4244311300404,product_5
store_1,2024-02-22,2062.794929044239,product_5
store_5,2024-02-21,1601.8003879321527,product_6
store_2,2024-02-22,1593.9683760159933,product_5
store_4,2024-02-22,1306.1376844944773,product_5
store_1,2024-02-23,2234.7944488523503,product_5
store_5,2024-02-18,1556.3624923143195,product_10
store_2,2024-02-23,1800.9370921435466,product_5
store_4,2024-02-23,1498.7052751634196,product_5
store_1,2024-02-24,2418.515570674842,product_5
store_5,2024-02-15,1769.1067123714058,product_6
store_2,2024-02-24,1933.6057649567576,product_5
store_4,2024-02-24,1570.5091303449776,product_5
store_1,2024-02-25,2101.202929899738,product_5
store_5,2024-02-22,1534.8579925870226,product_10
store_2,2024-02-25,1652.7877752997285,product_5
store_4,2024-02-25,1366.783247948281,product_5
store_1,2024-02-26,1526.9683426641702,product_5
store_5,2024-02-14,1606.7305232209474,product_6
store_2,2024-02-26,1168.6780062672976,product_5
store_4,2024-02-26,869.3221828460704,product_5
store_1,2024-02-27,1839.0105500449542,product_5
store_5,2024-02-26,1222.8112573221952,product_10
store_2,2024-02-27,1357.4669532669009,product_5
store_4,2024-02-27,1168.374463301751,product_5
store_1,2024-02-28,1938.325087769749,product_5
store_5,2024-02-03,1902.6542602785933,product_6
store_2,2024-02-28,1440.1043234973408,product_5
store_4,2024-02-28,1176.7569999055422,product_5
store_1,2024-02-01,1565.1644184014326,product_6
store_5,2024-02-02,2113.606315703755,product_2
store_2,2024-02-01,1512.568400508946,product_6
store_4,2024-02-01,1211.354186173194,product_6
store_1,2024-02-02,1654.0082711913524,product_6
store_5,2024-02-06,1396.5813755968795,product_6
store_2,2024-02-02,1735.1158249179537,product_6
store_4,2024-02-02,1383.5730819884643,product_6
store_1,2024-02-03,1799.7392459530358,product_6
store_5,2024-02-06,1488.7801804076112,product_2
store_2,2024-02-03,1802.5147333776943,product_6
store_4,2024-02-03,1595.6285412323048,product_6
store_1,2024-02-04,1536.7836062732058,product_6
store_5,2024-02-28,1438.1915001657842,product_5
store_2,2024-02-04,1597.5298564969694,product_6
store_4,2024-02-04,1346.0808233084097,product_6
store_1,2024-02-05,1072.6915612991509,product_6
store_5,2024-02-10,2190.8426144846735,product_2
store_2,2024-02-05,1104.28866145839,product_6
store_4,2024-02-05,939.9603118627656,product_6
store_1,2024-02-06,1315.0123943316582,product_6
store_5,2024-02-27,1261.7028175167954,product_5
store_2,2024-02-06,1368.2228345728809,product_6
store_4,2024-02-06,1228.0833098865717,product_6
store_1,2024-02-07,1261.8037737304098,product_6
store_5,2024-02-14,1876.6918165885802,product_2
store_2,2024-02-07,1454.3657016267384,product_6
store_4,2024-02-07,1339.0931751351704,product_6
store_1,2024-02-08,1558.8784781347636,product_6
store_5,2024-02-07,1482.3278110316778,product_5
store_2,2024-02-08,1480.4227289667956,product_6
store_4,2024-02-08,1294.2698740325357,product_6
store_1,2024-02-09,1654.400322567899,product_6
store_5,2024-02-18,1924.362435556266,product_2
store_2,2024-02-09,1695.677353376694,product_6
store_4,2024-02-09,1463.9009443883397,product_6
store_1,2024-02-10,1807.1972332544947,product_6
store_5,2024-02-18,1560.5265134009176,product_5
store_2,2024-02-10,1757.461903868123,product_6
store_4,2024-02-10,1671.6149603758217,product_6
store_1,2024-02-11,1551.4818038986375,product_6
store_5,2024-02-22,2041.4202927982383,product_2
store_2,2024-02-11,1548.6835341825663,product_6
store_4,2024-02-11,1416.0922804616553,product_6
store_1,2024-02-12,1094.5902251576515,product_6
store_5,2024-02-12,1066.2332849649101,product_5
store_2,2024-02-12,1053.5614132768649,product_6
store_4,2024-02-12,1002.5339356423583,product_6
store_1,2024-02-13,1343.8630734097746,product_6
store_5,2024-02-26,1443.6027724057194,product_2
store_2,2024-02-13,1317.5656206257481,product_6
store_4,2024-02-13,1281.9722200016336,product_6
store_1,2024-02-14,1297.1600627023051,product_6
store_5,2024-02-11,1619.5441722315456,product_5
store_2,2024-02-14,1405.713586265107,product_6
store_4,2024-02-14,1383.3052960146374,product_6
store_1,2024-02-15,1600.1118483003122,product_6
store_5,2024-02-02,4416.114388043737,product_3
store_2,2024-02-15,1435.6412475693169,product_6
store_4,2024-02-15,1328.0990816104224,product_6
store_1,2024-02-16,1700.7205365548207,product_6
store_5,2024-02-28,1765.8661487033594,product_4
store_2,2024-02-16,1656.5111498970875,product_6
store_4,2024-02-16,1486.9496309560918,product_6
store_1,2024-02-17,1857.6767322299243,product_6
store_5,2024-02-06,3492.7616687411687,product_3
store_2,2024-02-17,1725.4871839322677,product_6
store_4,2024-02-17,1683.807350521739,product_6
store_1,2024-02-18,1605.0833575933027,product_6
store_5,2024-02-03,1920.8184261806034,product_5
store_2,2024-02-18,1525.2657608789448,product_6
store_4,2024-02-18,1417.6780986140425,product_6
store_1,2024-02-19,1150.1970572508446,product_6
store_5,2024-02-10,4672.80958009559,product_3
store_2,2024-02-19,1039.8195113345555,product_6
store_4,2024-02-19,994.0823049676617,product_6
store_1,2024-02-20,1400.3106197309207,product_6
store_5,2024-02-25,2059.4723618694734,product_4
store_2,2024-02-20,1314.3437543231864,product_6
store_4,2024-02-20,1264.3559554340163,product_6
store_1,2024-02-21,1353.268488398376,product_6
store_5,2024-02-14,4088.4242946556546,product_3
store_2,2024-02-21,1413.561343187097,product_6
store_4,2024-02-21,1357.6760328820546,product_6
store_1,2024-02-22,1654.7184432296544,product_6
store_5,2024-02-24,2363.0528337120936,product_4
store_2,2024-02-22,1454.8028013042954,product_6
store_4,2024-02-22,1295.8539476612834,product_6
store_1,2024-02-23,1752.7111255232517,product_6
store_5,2024-02-18,4784.8814660886765,product_3
store_2,2024-02-23,1686.923697933493,product_6
store_4,2024-02-23,1449.690416040813,product_6
store_1,2024-02-24,1906.0152774155265,product_6
store_5,2024-02-12,1060.091695578414,product_9
store_2,2024-02-24,1766.7886706523086,product_6
store_4,2024-02-24,1643.2933475002283,product_6
store_1,2024-02-25,1648.8389932180328,product_6
store_5,2024-02-22,5295.288046997712,product_3
store_2,2024-02-25,1576.8116086338193,product_6
store_4,2024-02-25,1375.7739750993605,product_6
store_1,2024-02-26,1188.5678790784696,product_6
store_5,2024-02-13,1636.2962600848161,product_4
store_2,2024-02-26,1100.7078037433378,product_6
store_4,2024-02-26,952.7025127555058,product_6
store_1,2024-02-27,1432.6436518020041,product_6
store_5,2024-02-26,4048.7442395020134,product_3
store_2,2024-02-27,1383.448053935429,product_6
store_4,2024-02-27,1225.4072887847828,product_6
store_1,2024-02-28,1379.0753633689149,product_6
store_5,2024-02-07,1526.3500452097046,product_4
store_2,2024-02-28,1489.5700883830427,product_6
store_4,2024-02-28,1323.0000049822308,product_6
store_1,2024-02-01,3135.96170778532,product_7
store_5,2024-02-02,1927.7795310250085,product_4
store_2,2024-02-01,3239.204669011925,product_7
store_4,2024-02-01,1878.222110087998,product_7
store_1,2024-02-02,3361.549510603717,product_7
store_5,2024-02-06,1510.2330278115774,product_4
store_2,2024-02-02,3371.6904804846567,product_7
store_4,2024-02-02,2111.1703863371617,product_7
store_1,2024-02-03,3741.571602790413,product_7
store_5,2024-02-05,1247.6857773645825,product_4
store_2,2024-02-03,3572.8031361829917,product_7
store_4,2024-02-03,2523.249877271699,product_7
store_1,2024-02-04,3267.7172488910405,product_7
store_5,2024-02-15,4687.726529688066,product_3
store_2,2024-02-04,3218.3446464805193,product_7
store_4,2024-02-04,1925.5785258797766,product_7
store_1,2024-02-05,2235.8800838161787,product_7
store_5,2024-02-03,2069.7352768882724,product_4
store_2,2024-02-05,2436.3704892809883,product_7
store_4,2024-02-05,1178.1523349023314,product_7
store_1,2024-02-06,2659.233339451058,product_7
store_5,2024-02-11,1878.5445293910836,product_4
store_2,2024-02-06,2941.3182411990765,product_7
store_4,2024-02-06,1557.7314097860406,product_7
store_1,2024-02-07,2758.5303361396154,product_7
store_5,2024-02-25,5267.827626702943,product_3
store_2,2024-02-07,3162.612523462336,product_7
store_4,2024-02-07,1804.908792622416,product_7
store_1,2024-02-08,2944.400922413482,product_7
store_5,2024-02-22,2016.3674837425483,product_4
store_2,2024-02-08,3491.439076005331,product_7
store_4,2024-02-08,1941.6114454122958,product_7
store_1,2024-02-09,3170.333455467317,product_7
store_5,2024-02-21,4717.5550852314445,product_3
store_2,2024-02-09,3620.197911255532,product_7
store_4,2024-02-09,2199.198575249099,product_7
store_1,2024-02-10,3556.534317684301,product_7
store_5,2024-02-17,5278.243224011763,product_3
store_2,2024-02-10,3814.593370269663,product_7
store_4,2024-02-10,2635.352907839607,product_7
store_1,2024-02-11,3094.786450465552,product_7
store_5,2024-02-23,2223.128886904609,product_4
store_2,2024-02-11,3450.5785053649824,product_7
store_4,2024-02-11,2060.642163910434,product_7
store_1,2024-02-12,2080.9441320222236,product_7
store_5,2024-02-11,1912.9197846869272,product_2
store_2,2024-02-12,2656.4336052643775,product_7
store_4,2024-02-12,1334.5408786039054,product_7
store_1,2024-02-13,2528.0044321118467,product_7
store_5,2024-02-21,1765.939451260424,product_4
store_2,2024-02-13,3146.887651508947,product_7
store_4,2024-02-13,1733.3308469725998,product_7
store_1,2024-02-14,2656.4071855311918,product_7
store_5,2024-02-01,1594.0940600142762,product_5
store_2,2024-02-14,3351.7142999000425,product_7
store_4,2024-02-14,1997.1830773012978,product_7
store_1,2024-02-15,2876.334274965637,product_7
store_5,2024-02-09,4590.299337103452,product_3
store_2,2024-02-15,3662.4954735800748,product_7
store_4,2024-02-15,2147.6702275805515,product_7
store_1,2024-02-16,3140.6978381407507,product_7
store_5,2024-02-09,1618.0834756883855,product_5
store_2,2024-02-16,3772.062833257894,product_7
store_4,2024-02-16,2415.874385347909,product_7
store_1,2024-02-17,3569.0093295003817,product_7
store_5,2024-02-05,2617.432835574491,product_3
store_2,2024-02-17,3946.5752927058284,product_7
store_4,2024-02-17,2859.285525326374,product_7
store_1,2024-02-18,3152.250764766983,product_7
store_5,2024-02-01,4044.012925691332,product_3
store_2,2024-02-18,3562.450370423331,product_7
store_4,2024-02-18,2288.3676958591664,product_7
store_1,2024-02-19,2185.385136301694,product_7
store_5,2024-02-10,1870.024994107975,product_5
store_2,2024-02-19,2748.429570728139,product_7
store_4,2024-02-19,1562.5829450183758,product_7
store_1,2024-02-20,2680.4461122191965,product_7
store_5,2024-02-25,1581.7037623694487,product_5
store_2,2024-02-20,3219.686959899358,product_7
store_4,2024-02-20,1958.2912183875171,product_7
store_1,2024-02-21,2856.858466331169,product_7
store_5,2024-02-25,1922.6069313674261,product_2
store_2,2024-02-21,3406.4128966554326,product_7
store_4,2024-02-21,2215.8291385274006,product_7
store_1,2024-02-22,3123.759569004669,product_7
store_5,2024-02-21,1878.983391362705,product_2
store_2,2024-02-22,3700.5663473174072,product_7
store_4,2024-02-22,2357.01674810316,product_7
store_1,2024-02-23,3433.0110384847385,product_7
store_5,2024-02-17,1804.8445496836162,product_5
store_2,2024-02-23,3795.3063634741175,product_7
store_4,2024-02-23,2613.257258634958,product_7
store_1,2024-02-24,3903.0919249229437,product_7
store_5,2024-02-13,1519.723597951459,product_2
store_2,2024-02-24,3957.061162156253,product_7
store_4,2024-02-24,3042.4253903224944,product_7
store_1,2024-02-25,3523.9941690495316,product_7
store_5,2024-02-20,1215.3509128597775,product_5
store_2,2024-02-25,3562.452823628015,product_7
store_4,2024-02-25,2455.4216667490846,product_7
store_1,2024-02-26,2589.7567231822704,product_7
store_5,2024-02-26,1049.3446590113658,product_5
store_2,2024-02-26,2740.357970260825,product_7
store_4,2024-02-26,1712.1830402011424,product_7
store_1,2024-02-27,3111.5778492954373,product_7
store_5,2024-02-15,2041.2036427963437,product_2
store_2,2024-02-27,3206.013704095002,product_7
store_4,2024-02-27,2089.568485624449,product_7
store_1,2024-02-28,3308.1564603834663,product_7
store_5,2024-02-03,3682.676894397852,product_1
store_2,2024-02-28,3389.6008131358867,product_7
store_4,2024-02-28,2328.4229078047056,product_7
store_1,2024-02-01,3615.458746307053,product_8
store_5,2024-02-24,1812.7340761176638,product_5
store_2,2024-02-01,4279.283187289386,product_8
store_4,2024-02-01,3001.714000299537,product_8
store_1,2024-02-02,3658.7923031416185,product_8
store_5,2024-02-04,1699.3670324396487,product_6
store_2,2024-02-02,4362.968250750602,product_8
store_4,2024-02-02,3347.49846017331,product_8
store_1,2024-02-03,3791.759346461363,product_8
store_5,2024-02-05,1401.509463672348,product_2
store_2,2024-02-03,4836.782104166717,product_8
store_4,2024-02-03,3313.123925440149,product_8
store_1,2024-02-04,3433.6807998214545,product_8
store_5,2024-02-12,1260.2151739525148,product_6
store_2,2024-02-04,4408.901683706422,product_8
store_4,2024-02-04,2859.9285625873536,product_8
store_1,2024-02-05,2243.9242162109504,product_8
store_5,2024-02-01,1969.3455753912688,product_2
store_2,2024-02-05,3386.514148131407,product_8
store_4,2024-02-05,2144.357186616243,product_8
store_1,2024-02-06,3057.1194878607675,product_8
store_5,2024-02-25,1726.417795342038,product_10
store_2,2024-02-06,4112.520824042345,product_8
store_4,2024-02-06,2508.6511202373686,product_8
store_1,2024-02-07,3221.813757242505,product_8
store_5,2024-02-13,1458.7852934184382,product_6
store_2,2024-02-07,4338.608296182166,product_8
store_4,2024-02-07,2754.5085830704047,product_8
store_1,2024-02-08,3764.547645890295,product_8
store_5,2024-02-01,2828.586595923176,product_7
store_2,2024-02-08,4749.272234075487,product_8
store_4,2024-02-08,3034.772829493671,product_8
store_1,2024-02-09,3822.6569501534386,product_8
store_5,2024-02-21,1462.864425457585,product_10
store_2,2024-02-09,4832.822611029597,product_8
store_4,2024-02-09,3389.484708570612,product_8
store_1,2024-02-10,3971.6244864203986,product_8
store_5,2024-02-17,1712.158996414391,product_10
store_2,2024-02-10,5299.984501556417,product_8
store_4,2024-02-10,3363.536531472283,product_8
store_1,2024-02-11,3630.4527455403904,product_8
store_5,2024-02-20,1457.221136588546,product_6
store_2,2024-02-11,4858.969964449512,product_8
store_4,2024-02-11,2918.061667612564,product_8
store_1,2024-02-12,2458.1381826416605,product_8
store_5,2024-02-09,1694.0285763642048,product_10
store_2,2024-02-12,3817.167451595118,product_8
store_4,2024-02-12,2209.3229886576414,product_8
store_1,2024-02-13,3288.8958219150086,product_8
store_5,2024-02-23,1849.204224084221,product_6
store_2,2024-02-13,4517.840782386754,product_8
store_4,2024-02-13,2579.4075148970564,product_8
store_1,2024-02-14,3470.8245826325747,product_8
store_5,2024-02-02,3188.5364968498425,product_7
store_2,2024-02-14,4713.190742583518,product_8
store_4,2024-02-14,2829.8908393256816,product_8
store_1,2024-02-15,4029.9951630434725,product_8
store_5,2024-02-11,1568.6641830083524,product_10
store_2,2024-02-15,5088.36515038693,product_8
store_4,2024-02-15,3113.5284294130793,product_8
store_1,2024-02-16,4103.264311381402,product_8
store_5,2024-02-04,2961.2576922000217,product_8
store_2,2024-02-16,5132.446420894869,product_8
store_4,2024-02-16,3470.3103854469705,product_8
store_1,2024-02-17,4265.639815682297,product_8
store_5,2024-02-05,1124.6567341943592,product_10
store_2,2024-02-17,5557.031303328507,product_8
store_4,2024-02-17,3445.1164734540507,product_8
store_1,2024-02-18,3935.6665003645694,product_8
store_5,2024-02-01,1618.0708105886106,product_10
store_2,2024-02-18,5071.278886241708,product_8
store_4,2024-02-18,2999.105815798743,product_8
store_1,2024-02-19,2771.913673644296,product_8
store_5,2024-02-09,3368.166425474696,product_7
store_2,2024-02-19,3983.573981711646,product_8
store_4,2024-02-19,2288.6043511649495,product_8
store_1,2024-02-20,3608.2123241823074,product_8
store_5,2024-02-21,3285.6639021946235,product_1
store_2,2024-02-20,4638.198663368768,product_8
store_4,2024-02-20,2655.7974421406825,product_8
store_1,2024-02-21,3792.332103907989,product_8
store_5,2024-02-12,2274.4839154131582,product_7
store_2,2024-02-21,4788.365794990474,product_8
store_4,2024-02-21,2902.3912601801226,product_8
store_1,2024-02-22,4350.079587238054,product_8
store_5,2024-02-17,3612.543062272279,product_7
store_2,2024-02-22,5120.201191009643,product_8
store_4,2024-02-22,3181.30013166618,product_8
store_1,2024-02-23,4418.121322770872,product_8
store_5,2024-02-23,3917.080826822113,product_1
store_2,2024-02-23,5123.70423645149,product_8
store_4,2024-02-23,3532.696534934814,product_8
store_1,2024-02-24,4571.355738386641,product_8
store_5,2024-02-05,2155.5207362874826,product_1
store_2,2024-02-24,5511.302411576671,product_8
store_4,2024-02-24,3501.6607011670576,product_8
store_1,2024-02-25,4228.3039679937,product_8
store_5,2024-02-20,2767.229705381463,product_7
store_2,2024-02-25,4992.876539832347,product_8
store_4,2024-02-25,3049.564357562387,product_8
store_1,2024-02-26,3047.5998817585423,product_8
store_5,2024-02-24,3598.0518620697003,product_7
store_2,2024-02-26,3877.404524666931,product_8
store_4,2024-02-26,2332.951895554499,product_8
store_1,2024-02-27,3863.2275189968623,product_8
store_5,2024-02-15,3270.9282165733475,product_1
store_2,2024-02-27,4509.616916956353,product_8
store_4,2024-02-27,2694.2265243913375,product_8
store_1,2024-02-28,4023.1959275327554,product_8
store_5,2024-02-05,1975.4547352268942,product_8
store_2,2024-02-28,4643.018612053004,product_8
store_4,2024-02-28,2935.3052274081147,product_8
store_1,2024-02-01,1472.9930330982816,product_9
store_5,2024-02-11,3362.6237212288174,product_1
store_2,2024-02-01,1270.0786201396922,product_9
store_4,2024-02-01,1157.2568069399824,product_9
store_1,2024-02-02,1546.758424323892,product_9
store_5,2024-02-07,2775.037455706926,product_1
store_2,2024-02-02,1342.8459767991883,product_9
store_4,2024-02-02,1283.8298798721717,product_9
store_1,2024-02-03,1731.6794802958102,product_9
store_5,2024-02-26,1269.457804059241,product_6
store_2,2024-02-03,1506.0992226607714,product_9
store_4,2024-02-03,1305.9039763810338,product_9
store_1,2024-02-05,991.5842041335671,product_9
store_5,2024-02-10,3968.5790725615107,product_8
store_2,2024-02-05,833.4646829471559,product_9
store_4,2024-02-05,768.7505732000147,product_9
store_1,2024-02-06,1216.0430805087167,product_9
store_5,2024-02-25,1353.98442521689,product_9
store_2,2024-02-06,1083.2879348481554,product_9
store_4,2024-02-06,1045.481667856714,product_9
store_1,2024-02-07,1377.3290211550545,product_9
store_5,2024-02-14,3461.8705927534934,product_8
store_2,2024-02-07,1312.7862197077654,product_9
store_4,2024-02-07,1087.2211415251143,product_9
store_1,2024-02-08,1395.2760646305048,product_9
store_5,2024-02-19,999.4452859227004,product_9
store_2,2024-02-08,1381.4774219791432,product_9
store_4,2024-02-08,1238.2772679984073,product_9
store_1,2024-02-09,1487.4425634643353,product_9
store_5,2024-02-18,3504.9332883000015,product_8
store_2,2024-02-09,1475.8527820141546,product_9
store_4,2024-02-09,1370.0040622935012,product_9
store_1,2024-02-10,1693.041860392488,product_9
store_5,2024-02-18,1401.2174858844646,product_9
store_2,2024-02-10,1659.2596368088025,product_9
store_4,2024-02-10,1396.0335162563415,product_9
store_1,2024-02-11,1506.9583535598097,product_9
store_5,2024-02-22,3910.302028373754,product_8
store_2,2024-02-11,1542.4665398179375,product_9
store_4,2024-02-11,1255.3702175723274,product_9
store_1,2024-02-12,998.9571418557942,product_9
store_5,2024-02-07,1451.731312681721,product_9
store_2,2024-02-12,1020.6211583130591,product_9
store_4,2024-02-12,863.0827489217546,product_9
store_1,2024-02-13,1247.5566118568881,product_9
store_5,2024-02-26,2765.404098151049,product_8
store_2,2024-02-13,1283.4493870339231,product_9
store_4,2024-02-13,1140.0854754820198,product_9
store_1,2024-02-14,1432.9082557342726,product_9
store_5,2024-02-10,1733.1633031720976,product_9
store_2,2024-02-14,1522.8450239411009,product_9
store_4,2024-02-14,1180.944717735933,product_9
store_1,2024-02-15,1474.2190515011184,product_9
store_5,2024-02-02,1714.434488096112,product_9
store_2,2024-02-15,1598.0893693991022,product_9
store_4,2024-02-15,1330.055425153585,product_9
store_1,2024-02-16,1588.4377112584382,product_9
store_5,2024-02-08,1542.1940129651762,product_9
store_2,2024-02-16,1695.5226505445592,product_9
store_4,2024-02-16,1458.8834410234062,product_9
store_1,2024-02-17,1814.2016235357428,product_9
store_5,2024-02-05,1091.3883697386018,product_9
store_2,2024-02-17,1878.4302992693183,product_9
store_4,2024-02-17,1481.1941601280002,product_9
store_1,2024-02-18,1645.8683338648555,product_9
store_5,2024-02-01,1536.6427875839395,product_9
store_2,2024-02-18,1757.6091804423227,product_9
store_4,2024-02-18,1336.1430724545667,product_9
store_1,2024-02-19,1152.7393388596045,product_9
store_5,2024-02-09,1709.854110301264,product_9
store_2,2024-02-19,1228.3241444458085,product_9
store_4,2024-02-19,938.9627062985553,product_9
store_1,2024-02-20,1412.945172312318,product_9
store_5,2024-02-02,3300.8242029895646,product_8
store_2,2024-02-20,1480.5033867028615,product_9
store_4,2024-02-20,1210.739703571235,product_9
store_1,2024-02-21,1606.3357329941155,product_9
store_5,2024-02-27,3559.259554290785,product_8
store_2,2024-02-21,1706.322070927276,product_9
store_4,2024-02-21,1246.2161532915165,product_9
store_1,2024-02-22,1651.9108984083755,product_9
store_5,2024-02-16,1655.412947944048,product_9
store_2,2024-02-22,1765.413752179542,product_9
store_4,2024-02-22,1389.9614287359336,product_9
store_1,2024-02-23,1766.5125035194496,product_9
store_5,2024-02-21,3781.6113760219237,product_8
store_2,2024-02-23,1844.5317351993099,product_9
store_4,2024-02-23,1513.6097458345525,product_9
store_1,2024-02-24,1988.774350480101,product_9
store_5,2024-02-23,1600.5073775931778,product_9
store_2,2024-02-24,2007.4236823254148,product_9
store_4,2024-02-24,1531.0843657323983,product_9
store_1,2024-02-25,1813.1540046282532,product_9
store_5,2024-02-17,4297.908979597494,product_8
store_2,2024-02-25,1865.3848977905118,product_9
store_4,2024-02-25,1381.6840468432608,product_9
store_1,2024-02-26,1309.1541367208965,product_9
store_5,2024-02-13,3041.0312308246384,product_8
store_2,2024-02-26,1314.201027395283,product_9
store_4,2024-02-26,980.7663598322941,product_9
store_1,2024-02-27,1555.2024488876405,product_9
store_5,2024-02-24,1624.1771855114976,product_9
store_2,2024-02-27,1544.329045785278,product_9
store_4,2024-02-27,1249.5216840402238,product_9
store_1,2024-02-28,1731.534265600934,product_9
store_5,2024-02-03,3790.6080106682384,product_8
store_2,2024-02-28,1748.4663910530062,product_9
store_4,2024-02-28,1282.7720805239994,product_9
store_1,2024-02-04,1523.1730985341837,product_9
store_5,2024-02-01,2846.7955908974645,product_1
store_2,2024-02-04,1371.1063851296283,product_9
store_4,2024-02-04,1162.520084936378,product_9
store_1,2024-02-16,2276.5514526771603,product_4
store_5,2024-02-17,2299.3175865187122,product_4
store_2,2024-02-16,1849.2084131663767,product_4
store_4,2024-02-16,1641.8298282896299,product_4
store_1,2024-02-08,1826.7651563869254,product_2
store_5,2024-02-25,1795.9314566413477,product_6
store_2,2024-02-08,1733.7822960346246,product_2
store_4,2024-02-08,1671.3922080373522,product_2
store_1,2024-02-04,1660.2808939252777,product_10
store_5,2024-02-01,3188.7544508928877,product_8
store_2,2024-02-04,1863.5243159331171,product_10
store_4,2024-02-04,1450.268953825863,product_10
store_1,2024-02-16,3254.035900116795,product_1
store_5,2024-02-14,1406.8245884655541,product_9
store_2,2024-02-16,3399.1524785602214,product_1
store_4,2024-02-16,2750.2581621115464,product_1
store_1,2024-02-08,2781.8021743756003,product_1
store_5,2024-02-22,1434.3200960289541,product_9
store_2,2024-02-08,3285.959704699404,product_1
store_4,2024-02-08,2708.5098187134204,product_1
store_1,2024-02-04,2902.4715124144273,product_1
store_5,2024-02-26,956.9325632761254,product_9
store_2,2024-02-04,3358.875600189145,product_1
store_4,2024-02-04,2765.113092268969,product_1
store_1,2024-02-02,3041.025307444649,product_1
store_5,2024-02-28,1315.4358830042609,product_9
store_2,2024-02-02,3501.319096739802,product_1
store_4,2024-02-02,2776.3091545745083,product_1
store_1,2024-02-01,2732.679118025546,product_1
store_5,2024-02-08,3298.4025448865236,product_8
store_2,2024-02-01,3342.273745235725,product_1
store_4,2024-02-01,2634.2966861130117,product_1
store_3,2024-02-03,1357.7023749383525,product_9
store_3,2024-02-02,1299.8910494206682,product_9
store_3,2024-02-15,1750.76257606989,product_4
store_3,2024-02-01,1206.732423197202,product_9
store_3,2024-02-28,2458.733225545285,product_8
store_3,2024-02-14,1511.882405126028,product_4
store_3,2024-02-07,1338.7957384576562,product_2
store_3,2024-02-27,2322.0950100972195,product_8
store_3,2024-02-26,1870.5767992476308,product_8
store_3,2024-02-13,1434.2449270992884,product_4
store_3,2024-02-25,2777.1841884333326,product_8
store_3,2024-02-24,3457.670394869308,product_8
store_3,2024-02-12,1154.634565314561,product_4
store_3,2024-02-06,1205.153771191966,product_2
store_3,2024-02-03,1341.8281317589742,product_10
store_3,2024-02-23,2994.838980548453,product_8
store_3,2024-02-22,2798.3701646670984,product_8
store_3,2024-02-11,1722.6878687410945,product_4
store_3,2024-02-21,2360.6591329160965,product_8
store_3,2024-02-20,2259.5480024801645,product_8
store_3,2024-02-10,1761.0433943877179,product_4
store_3,2024-02-05,886.0094303071738,product_2
store_3,2024-02-19,1844.448738876525,product_8
store_3,2024-02-18,2787.439497824645,product_8
store_3,2024-02-09,1689.1198320085746,product_4
store_3,2024-02-17,3503.347660090883,product_8
store_3,2024-02-16,3074.0758616181806,product_8
store_3,2024-02-08,1541.1891133016156,product_4
store_3,2024-02-04,1481.6981025094067,product_2
store_3,2024-02-02,1262.0819722920867,product_10
store_3,2024-02-15,2667.751130326224,product_1
store_3,2024-02-15,2908.450923316739,product_8
store_3,2024-02-14,2498.083498380518,product_8
store_3,2024-02-07,1310.1082102864982,product_4
store_3,2024-02-13,2420.1195419191813,product_8
store_3,2024-02-12,2023.3803950502406,product_8
store_3,2024-02-06,1242.988221624979,product_4
store_3,2024-02-03,1640.0956571151485,product_2
store_3,2024-02-11,2979.4735164057547,product_8
store_3,2024-02-10,3702.8867639988393,product_8
store_3,2024-02-05,976.3086877311242,product_4
store_3,2024-02-09,3275.322249797317,product_8
store_3,2024-02-08,3105.5494835689183,product_8
store_3,2024-02-04,1559.3588682508248,product_4
store_3,2024-02-02,1473.6933602530657,product_2
store_3,2024-02-01,1132.056675905525,product_10
store_3,2024-02-07,2685.265532947778,product_8
store_3,2024-02-06,2591.843312646514,product_8
store_3,2024-02-03,1614.3963174195264,product_4
store_3,2024-02-05,2174.4649013301773,product_8
store_3,2024-02-04,3105.222120523113,product_8
store_3,2024-02-02,1560.4342731491433,product_4
store_3,2024-02-01,1367.4110516135866,product_2
store_3,2024-02-03,3799.197568920675,product_8
store_3,2024-02-02,3338.7825056535976,product_8
store_3,2024-02-01,1431.3243712334418,product_4
store_3,2024-02-01,3133.511740378604,product_8
store_3,2024-02-28,2269.004825683378,product_7
store_3,2024-02-28,4120.11070307694,product_3
store_3,2024-02-28,1472.3329431010948,product_10
store_3,2024-02-28,2238.664601645699,product_1
store_3,2024-02-14,2334.713284519828,product_1
store_3,2024-02-07,2316.71984875436,product_1
store_3,2024-02-27,2224.8085732390673,product_7
store_3,2024-02-26,1707.0389288912638,product_7
store_3,2024-02-27,3678.2948561785906,product_3
store_3,2024-02-25,2424.715066228382,product_7
store_3,2024-02-24,2863.562662062829,product_7
store_3,2024-02-26,2996.978438217966,product_3
store_3,2024-02-27,1131.5875514671063,product_10
store_3,2024-02-23,2562.9693330020423,product_7
store_3,2024-02-22,2491.6263907970715,product_7
store_3,2024-02-25,4054.6042355684904,product_3
store_3,2024-02-21,2285.41483179042,product_7
store_3,2024-02-20,2252.2613891961737,product_7
store_3,2024-02-24,4680.360924159459,product_3
store_3,2024-02-26,1059.2581044619735,product_10
store_3,2024-02-27,2283.440239869747,product_1
store_3,2024-02-19,1743.998115162085,product_7
store_3,2024-02-18,2469.5544946066466,product_7
store_3,2024-02-23,4276.742617779475,product_3
store_3,2024-02-17,2914.5969954470293,product_7
store_3,2024-02-16,2618.4821956025226,product_7
store_3,2024-02-22,3951.784861013435,product_3
store_3,2024-02-25,1488.5248351934179,product_10
store_3,2024-02-15,2549.8957956303693,product_7
store_3,2024-02-14,2344.7355774252665,product_7
store_3,2024-02-21,3931.3360404036857,product_3
store_3,2024-02-13,2310.9642827788875,product_7
store_3,2024-02-12,1800.4660182891696,product_7
store_3,2024-02-20,3466.5878153569456,product_3
store_3,2024-02-24,1594.4393000991754,product_10
store_3,2024-02-26,1906.467260499182,product_1
store_3,2024-02-13,2383.643529074111,product_1
store_3,2024-02-11,2522.235317934646,product_7
store_3,2024-02-10,2962.0138824232686,product_7
store_3,2024-02-19,2763.251234031599,product_3
store_3,2024-02-09,2659.2412318438714,product_7
store_3,2024-02-08,2582.6916551110744,product_7
store_3,2024-02-18,3799.948771829377,product_3
store_3,2024-02-23,1514.306933896398,product_10
store_3,2024-02-07,2368.355567664677,product_7
store_3,2024-02-06,2324.291277507909,product_7
store_3,2024-02-17,4406.049573196225,product_3
store_3,2024-02-05,1802.48076717994,product_7
store_3,2024-02-04,2512.0185996879613,product_7
store_3,2024-02-16,3984.228375712658,product_3
store_3,2024-02-22,1381.7352793376217,product_10
store_3,2024-02-25,2477.7593100170275,product_1
store_3,2024-02-03,2938.748921285912,product_7
store_3,2024-02-02,2622.216730920655,product_7
store_3,2024-02-15,3642.700404355359,product_3
store_3,2024-02-01,2531.3057156692207,product_7
store_3,2024-02-28,1203.7069501484207,product_6
store_3,2024-02-14,3607.4911725893594,product_3
store_3,2024-02-21,1427.5470184517708,product_10
store_3,2024-02-27,1163.5493542025783,product_6
store_3,2024-02-26,947.8120828237907,product_6
store_3,2024-02-13,3129.9647789037217,product_3
store_3,2024-02-25,1359.4355804777686,product_6
store_3,2024-02-24,1456.3419992502859,product_6
store_3,2024-02-12,2415.9973762246063,product_3
store_3,2024-02-20,1078.0358558694481,product_10
store_3,2024-02-24,2924.4618337881507,product_1
store_3,2024-02-12,2006.9452803611953,product_1
store_3,2024-02-06,2348.0307862367545,product_1
store_3,2024-02-03,2921.4260959218414,product_1
store_3,2024-02-23,1392.2203276674397,product_6
store_3,2024-02-22,1247.9878973174973,product_6
store_3,2024-02-11,3444.3660901587655,product_3
store_3,2024-02-21,1109.3102943504678,product_6
store_3,2024-02-20,1073.6645281753645,product_6
store_3,2024-02-10,4044.580730480312,product_3
store_3,2024-02-19,997.3541262842505,product_10
store_3,2024-02-19,862.9743121558553,product_6
store_3,2024-02-18,1280.041478463722,product_6
store_3,2024-02-09,3619.438863094836,product_3
store_3,2024-02-17,1382.6488323739331,product_6
store_3,2024-02-16,1324.3484449860553,product_6
store_3,2024-02-08,3277.256640456182,product_3
store_3,2024-02-18,1418.8329455814155,product_10
store_3,2024-02-23,2772.0015269495034,product_1
store_3,2024-02-15,1185.926173398071,product_6
store_3,2024-02-14,1052.9243723014788,product_6
store_3,2024-02-07,3244.1344561575334,product_3
store_3,2024-02-13,1022.7075922032244,product_6
store_3,2024-02-12,817.100068901049,product_6
store_3,2024-02-06,2771.4811563079465,product_3
store_3,2024-02-17,1517.6590627406163,product_10
store_3,2024-02-11,1238.8189841757187,product_6
store_3,2024-02-10,1345.5787693844782,product_6
store_3,2024-02-05,2065.183639366226,product_3
store_3,2024-02-09,1290.8804266232742,product_6
store_3,2024-02-08,1155.4766417104715,product_6
store_3,2024-02-04,3103.992279773218,product_3
store_3,2024-02-16,1431.2547909769316,product_10
store_3,2024-02-22,2604.5694483798675,product_1
store_3,2024-02-11,2574.521469825346,product_1
store_3,2024-02-07,1024.8946479342367,product_6
store_3,2024-02-06,996.5016404802152,product_6
store_3,2024-02-03,3717.3496787616964,product_3
store_3,2024-02-05,792.141560329996,product_6
store_3,2024-02-04,1214.5672508492396,product_6
store_3,2024-02-02,3307.94346234331,product_3
store_3,2024-02-15,1293.3241496174585,product_10
store_3,2024-02-03,1321.543290483627,product_6
store_3,2024-02-02,1266.6335156799269,product_6
store_3,2024-02-01,2983.9356652611723,product_3
store_3,2024-02-01,1130.6640545374603,product_6
store_3,2024-02-28,1186.6375819025707,product_5
store_3,2024-02-28,1624.1848713827965,product_2
store_3,2024-02-14,1334.7643856136901,product_10
store_3,2024-02-21,2274.338520110598,product_1
store_3,2024-02-27,1157.4603693592487,product_5
store_3,2024-02-26,910.7317967193679,product_5
store_3,2024-02-27,1462.7201292884636,product_2
store_3,2024-02-25,1198.3294844734771,product_5
store_3,2024-02-24,1550.9027525498034,product_5
store_3,2024-02-26,1114.334387390153,product_2
store_3,2024-02-13,981.9209506633538,product_10
store_3,2024-02-23,1286.011003987947,product_5
store_3,2024-02-22,1254.5866262439265,product_5
store_3,2024-02-25,1679.9737370368289,product_2
store_3,2024-02-21,1145.8743855664106,product_5
store_3,2024-02-20,1114.0381800278838,product_5
store_3,2024-02-24,1808.127765387867,product_2
store_3,2024-02-12,898.9748138542781,product_10
store_3,2024-02-20,2328.349925191759,product_1
store_3,2024-02-10,3013.479437195134,product_1
store_3,2024-02-05,1952.8896533965433,product_1
store_3,2024-02-19,865.3041735886541,product_5
store_3,2024-02-18,1151.6094379883793,product_5
store_3,2024-02-23,1611.8888024541134,product_2
store_3,2024-02-17,1503.6379217576384,product_5
store_3,2024-02-16,1238.9582886461,product_5
store_3,2024-02-22,1476.749907155626,product_2
store_3,2024-02-11,1319.2629198865366,product_10
store_3,2024-02-15,1208.487026084564,product_5
store_3,2024-02-14,1101.428781770811,product_5
store_3,2024-02-21,1457.8719141471568,product_2
store_3,2024-02-13,1071.8847562418582,product_5
store_3,2024-02-12,825.9981168878284,product_5
store_3,2024-02-20,1298.601885623332,product_2
store_3,2024-02-10,1417.9559235452818,product_10
store_3,2024-02-19,1958.9742823151037,product_1
store_3,2024-02-11,1115.6054859690946,product_5
store_3,2024-02-10,1471.2762325841154,product_5
store_3,2024-02-19,954.6521668901195,product_2
store_3,2024-02-09,1210.454009169191,product_5
store_3,2024-02-08,1183.9238219906115,product_5
store_3,2024-02-18,1526.8609686756322,product_2
store_3,2024-02-09,1332.439536733326,product_10
store_3,2024-02-07,1080.7564763550513,product_5
store_3,2024-02-06,1054.92110423105,product_5
store_3,2024-02-17,1663.5595706921863,product_2
store_3,2024-02-05,812.4346201018452,product_5
store_3,2024-02-04,1105.017041934298,product_5
store_3,2024-02-16,1477.635761053971,product_2
store_3,2024-02-08,1196.3625629738694,product_10
store_3,2024-02-18,2536.036710875652,product_1
store_3,2024-02-09,2849.2838193150174,product_1
store_3,2024-02-03,1463.1342986523714,product_5
store_3,2024-02-02,1204.1428662980836,product_5
store_3,2024-02-15,1354.3372985753138,product_2
store_3,2024-02-01,1178.759436681576,product_5
store_3,2024-02-28,1090.6337688126046,product_9
store_3,2024-02-28,1736.9162876952,product_4
store_3,2024-02-14,1348.5455628637574,product_2
store_3,2024-02-07,1240.5507193227927,product_10
store_3,2024-02-27,968.8057010371459,product_9
store_3,2024-02-26,855.6848764628651,product_9
store_3,2024-02-27,1698.069125748085,product_4
store_3,2024-02-25,1187.2196681340379,product_9
store_3,2024-02-24,1340.3044235066145,product_9
store_3,2024-02-26,1452.961145185807,product_4
store_3,2024-02-13,1203.3015468724907,product_2
store_3,2024-02-23,1296.7735508979445,product_9
store_3,2024-02-22,1219.3719540191323,product_9
store_3,2024-02-25,2050.675356605465,product_4
store_3,2024-02-21,1102.2852318379025,product_9
store_3,2024-02-20,991.3063459975674,product_9
store_3,2024-02-24,2113.4053975474076,product_4
store_3,2024-02-12,873.9931737969164,product_2
store_3,2024-02-06,891.2642424835237,product_10
store_3,2024-02-17,2986.5217204099517,product_1
store_3,2024-02-19,887.3913878700125,product_9
store_3,2024-02-18,1226.244482957856,product_9
store_3,2024-02-23,2060.241396168015,product_4
store_3,2024-02-17,1384.579126916799,product_9
store_3,2024-02-16,1344.1167886824715,product_9
store_3,2024-02-22,1925.2480920766936,product_4
store_3,2024-02-11,1461.1246236041243,product_2
store_3,2024-02-15,1267.559757570346,product_9
store_3,2024-02-14,1149.1215960623501,product_9
store_3,2024-02-21,1701.1988447105687,product_4
store_3,2024-02-13,1034.6919096289323,product_9
store_3,2024-02-12,925.38813877449,product_9
store_3,2024-02-20,1635.244121354909,product_4
store_3,2024-02-10,1612.692512009135,product_2
store_3,2024-02-05,812.5880722043755,product_10
store_3,2024-02-11,1257.134545769743,product_9
store_3,2024-02-10,1406.91588238698,product_9
store_3,2024-02-19,1364.0224661519687,product_4
store_3,2024-02-09,1356.7668176387706,product_9
store_3,2024-02-08,1269.734389856394,product_9
store_3,2024-02-18,1937.0958086597427,product_4
store_3,2024-02-09,1441.2582784330937,product_2
store_3,2024-02-07,1140.3971675864072,product_9
store_3,2024-02-06,1015.0181789821571,product_9
store_3,2024-02-17,1977.0996331406545,product_4
store_3,2024-02-05,895.0846782963752,product_9
store_3,2024-02-04,1216.875289596766,product_9
store_3,2024-02-16,1903.5197651635526,product_4
store_3,2024-02-08,1331.7603129081788,product_2
store_3,2024-02-04,1237.7553302463657,product_10
store_3,2024-02-16,2835.7271204699246,product_1
store_3,2024-02-08,2666.2415898848944,product_1
store_3,2024-02-04,2501.53484849494,product_1
store_3,2024-02-02,2738.390003139304,product_1
store_3,2024-02-01,2537.0973110592204,product_1
